W1,W2,R,t,MaxVonMisesStress_MPa
0.3000000000,0.1000000000,0.0300000000,0.0100000000,80.6113120000
0.5000000000,0.1250000000,0.0500000000,0.0150000000,44.2532760000
0.4000000000,0.1375000000,0.0400000000,0.0175000000,48.1327080000
0.6000000000,0.1125000000,0.0600000000,0.0125000000,45.3522880000
0.3500000000,0.1312500000,0.0650000000,0.0187500000,39.3341320000
0.5500000000,0.1062500000,0.0450000000,0.0137500000,44.5759920000
0.4500000000,0.1187500000,0.0550000000,0.0112500000,56.8995760000
0.6500000000,0.1437500000,0.0350000000,0.0162500000,47.3428040000
0.3250000000,0.1468750000,0.0575000000,0.0131250000,71.3662000000
0.5250000000,0.1218750000,0.0375000000,0.0181250000,39.3165920000
0.4250000000,0.1093750000,0.0675000000,0.0156250000,37.1026680000
0.6250000000,0.1343750000,0.0475000000,0.0106250000,62.9147240000
0.3750000000,0.1156250000,0.0425000000,0.0168750000,43.2502520000
0.5750000000,0.1406250000,0.0625000000,0.0118750000,53.8108040000
0.4750000000,0.1281250000,0.0325000000,0.0143750000,55.3535160000
0.6750000000,0.1031250000,0.0525000000,0.0193750000,28.8276320000
0.3125000000,0.1265625000,0.0462500000,0.0121875000,70.8061040000
0.5125000000,0.1015625000,0.0662500000,0.0171875000,31.2439740000
0.4125000000,0.1140625000,0.0362500000,0.0196875000,37.3945800000
0.6125000000,0.1390625000,0.0562500000,0.0146875000,44.1182960000
0.3625000000,0.1078125000,0.0512500000,0.0184375000,35.7992160000
0.5625000000,0.1328125000,0.0312500000,0.0134375000,58.7671240000
0.4625000000,0.1453125000,0.0612500000,0.0109375000,64.9293560000
0.6625000000,0.1203125000,0.0412500000,0.0159375000,41.0459640000
0.3375000000,0.1234375000,0.0637500000,0.0140625000,50.7912920000
0.5375000000,0.1484375000,0.0437500000,0.0190625000,40.1298720000
0.4375000000,0.1359375000,0.0537500000,0.0165625000,43.5119320000
0.6375000000,0.1109375000,0.0337500000,0.0115625000,58.3742840000
0.3875000000,0.1421875000,0.0387500000,0.0153125000,58.7325000000
0.5875000000,0.1171875000,0.0587500000,0.0103125000,56.7436480000
0.4875000000,0.1046875000,0.0487500000,0.0128125000,47.1652000000
0.6875000000,0.1296875000,0.0687500000,0.0178125000,32.1034460000
0.3062500000,0.1398437500,0.0681250000,0.0167187500,52.4681760000
0.5062500000,0.1148437500,0.0481250000,0.0117187500,54.2080480000
0.4062500000,0.1023437500,0.0581250000,0.0142187500,41.4635840000
0.6062500000,0.1273437500,0.0381250000,0.0192187500,36.7651200000
0.3562500000,0.1210937500,0.0331250000,0.0129687500,65.5895600000
0.5562500000,0.1460937500,0.0531250000,0.0179687500,38.8163440000
0.4562500000,0.1335937500,0.0431250000,0.0154687500,48.4962680000
0.6562500000,0.1085937500,0.0631250000,0.0104687500,51.8337960000
0.3312500000,0.1117187500,0.0406250000,0.0198437500,38.4284000000
0.5312500000,0.1367187500,0.0606250000,0.0148437500,43.6260920000
0.4312500000,0.1492187500,0.0306250000,0.0123437500,77.9588320000
0.6312500000,0.1242187500,0.0506250000,0.0173437500,36.1038000000
0.3812500000,0.1304687500,0.0556250000,0.0110937500,66.2646720000
0.5812500000,0.1054687500,0.0356250000,0.0160937500,40.6376040000
0.4812500000,0.1179687500,0.0656250000,0.0185937500,31.7966400000
0.6812500000,0.1429687500,0.0456250000,0.0135937500,50.9848040000
0.3187500000,0.1132812500,0.0543750000,0.0157812500,45.4865880000
0.5187500000,0.1382812500,0.0343750000,0.0107812500,74.1305440000
0.4187500000,0.1257812500,0.0643750000,0.0132812500,48.8672640000
0.6187500000,0.1007812500,0.0443750000,0.0182812500,32.3008200000
0.3687500000,0.1445312500,0.0493750000,0.0145312500,59.6192280000
0.5687500000,0.1195312500,0.0693750000,0.0195312500,28.9079820000
0.4687500000,0.1070312500,0.0393750000,0.0170312500,38.9426880000
0.6687500000,0.1320312500,0.0593750000,0.0120312500,50.4376560000
0.3437500000,0.1351562500,0.0368750000,0.0176562500,53.3441720000
0.5437500000,0.1101562500,0.0568750000,0.0126562500,45.8276840000
0.4437500000,0.1226562500,0.0468750000,0.0101562500,68.0650640000
0.6437500000,0.1476562500,0.0668750000,0.0151562500,41.3072720000
0.3937500000,0.1039062500,0.0618750000,0.0114062500,51.6863240000
0.5937500000,0.1289062500,0.0418750000,0.0164062500,41.9664480000
0.4937500000,0.1414062500,0.0518750000,0.0189062500,37.7438040000
0.6937500000,0.1164062500,0.0318750000,0.0139062500,50.4761440000
0.3031250000,0.1332031250,0.0509375000,0.0138281250,66.5967440000
0.5031250000,0.1082031250,0.0309375000,0.0188281250,37.9432080000
0.4031250000,0.1207031250,0.0609375000,0.0163281250,39.8876520000
0.6031250000,0.1457031250,0.0409375000,0.0113281250,65.8500840000
0.3531250000,0.1019531250,0.0459375000,0.0150781250,43.7581880000
0.5531250000,0.1269531250,0.0659375000,0.0100781250,59.1221320000
0.4531250000,0.1394531250,0.0359375000,0.0125781250,66.3043640000
0.6531250000,0.1144531250,0.0559375000,0.0175781250,32.8847980000
0.3281250000,0.1175781250,0.0384375000,0.0119531250,68.9020080000
0.5281250000,0.1425781250,0.0584375000,0.0169531250,39.7812160000
0.4281250000,0.1300781250,0.0484375000,0.0194531250,37.2731560000
0.6281250000,0.1050781250,0.0684375000,0.0144531250,36.3784800000
0.3781250000,0.1488281250,0.0634375000,0.0182031250,44.2476200000
0.5781250000,0.1238281250,0.0434375000,0.0132031250,50.3797360000
0.4781250000,0.1113281250,0.0534375000,0.0107031250,57.0283440000
0.6781250000,0.1363281250,0.0334375000,0.0157031250,47.8363520000
0.3156250000,0.1066406250,0.0671875000,0.0135156250,47.4021120000
0.5156250000,0.1316406250,0.0471875000,0.0185156250,37.3822560000
0.4156250000,0.1441406250,0.0571875000,0.0160156250,47.4373320000
0.6156250000,0.1191406250,0.0371875000,0.0110156250,61.6902760000
0.3656250000,0.1253906250,0.0321875000,0.0172656250,50.7409320000
0.5656250000,0.1003906250,0.0521875000,0.0122656250,46.0814440000
0.4656250000,0.1128906250,0.0421875000,0.0147656250,45.3300720000
0.6656250000,0.1378906250,0.0621875000,0.0197656250,31.0293400000
0.3406250000,0.1410156250,0.0446875000,0.0103906250,89.7440320000
0.5406250000,0.1160156250,0.0646875000,0.0153906250,37.2740560000
0.4406250000,0.1035156250,0.0346875000,0.0178906250,38.3118360000
0.6406250000,0.1285156250,0.0546875000,0.0128906250,48.0689960000
0.3906250000,0.1222656250,0.0596875000,0.0191406250,35.0608600000
0.5906250000,0.1472656250,0.0396875000,0.0141406250,54.2964320000
0.4906250000,0.1347656250,0.0696875000,0.0116406250,53.8662520000
0.6906250000,0.1097656250,0.0496875000,0.0166406250,35.1637160000
0.3093750000,0.1199218750,0.0478125000,0.0180468750,44.8946280000
0.5093750000,0.1449218750,0.0678125000,0.0130468750,50.4945000000
0.4093750000,0.1324218750,0.0378125000,0.0105468750,77.7831520000
0.6093750000,0.1074218750,0.0578125000,0.0155468750,36.0343320000
0.3593750000,0.1386718750,0.0528125000,0.0117968750,69.8176080000
0.5593750000,0.1136718750,0.0328125000,0.0167968750,42.0809440000
0.4593750000,0.1011718750,0.0628125000,0.0192968750,28.8009400000
0.6593750000,0.1261718750,0.0428125000,0.0142968750,46.4048520000
0.3343750000,0.1292968750,0.0603125000,0.0161718750,47.5540280000
0.5343750000,0.1042968750,0.0403125000,0.0111718750,56.3924120000
0.4343750000,0.1167968750,0.0503125000,0.0136718750,48.2885480000
0.6343750000,0.1417968750,0.0303125000,0.0186718750,43.3424200000
0.3843750000,0.1105468750,0.0353125000,0.0149218750,49.8136000000
0.5843750000,0.1355468750,0.0553125000,0.0199218750,32.5488760000
0.4843750000,0.1480468750,0.0453125000,0.0174218750,45.0126880000
0.6843750000,0.1230468750,0.0653125000,0.0124218750,45.5546480000
0.3218750000,0.1464843750,0.0340625000,0.0196093750,58.4623000000
0.5218750000,0.1214843750,0.0540625000,0.0146093750,42.9464160000
0.4218750000,0.1089843750,0.0440625000,0.0121093750,54.8285280000
0.6218750000,0.1339843750,0.0640625000,0.0171093750,35.3660760000
0.3718750000,0.1152343750,0.0690625000,0.0108593750,57.4649840000
0.5718750000,0.1402343750,0.0490625000,0.0158593750,43.6814200000
0.4718750000,0.1277343750,0.0590625000,0.0183593750,35.2558320000
0.6718750000,0.1027343750,0.0390625000,0.0133593750,46.1910320000
0.3468750000,0.1058593750,0.0565625000,0.0164843750,38.9624440000
0.5468750000,0.1308593750,0.0365625000,0.0114843750,64.8606600000
0.4468750000,0.1433593750,0.0665625000,0.0139843750,49.5907320000
0.6468750000,0.1183593750,0.0465625000,0.0189843750,32.8649860000
0.3968750000,0.1371093750,0.0415625000,0.0127343750,65.3382880000
0.5968750000,0.1121093750,0.0615625000,0.0177343750,31.6859360000
0.4968750000,0.1246093750,0.0315625000,0.0152343750,51.0335200000
0.6968750000,0.1496093750,0.0515625000,0.0102343750,66.2887360000
0.3015625000,0.1498046875,0.0423437500,0.0157421875,75.6966640000
0.5015625000,0.1248046875,0.0623437500,0.0107421875,57.3274240000
0.4015625000,0.1123046875,0.0323437500,0.0132421875,57.7359240000
0.6015625000,0.1373046875,0.0523437500,0.0182421875,36.2785400000
0.3515625000,0.1185546875,0.0573437500,0.0144921875,48.1687360000
0.5515625000,0.1435546875,0.0373437500,0.0194921875,40.3111040000
0.4515625000,0.1310546875,0.0673437500,0.0169921875,37.7364200000
0.6515625000,0.1060546875,0.0473437500,0.0119921875,48.9272840000
0.3265625000,0.1029296875,0.0698437500,0.0176171875,34.4367920000
0.5265625000,0.1279296875,0.0498437500,0.0126171875,52.7164040000
0.4265625000,0.1404296875,0.0598437500,0.0101171875,71.3794400000
0.6265625000,0.1154296875,0.0398437500,0.0151171875,43.1302160000
0.3765625000,0.1341796875,0.0348437500,0.0113671875,78.6358560000
0.5765625000,0.1091796875,0.0548437500,0.0163671875,35.3169880000
0.4765625000,0.1216796875,0.0448437500,0.0188671875,36.1208400000
0.6765625000,0.1466796875,0.0648437500,0.0138671875,45.0193360000
0.3140625000,0.1232421875,0.0360937500,0.0166796875,54.6480600000
0.5140625000,0.1482421875,0.0560937500,0.0116796875,60.6564400000
0.4140625000,0.1357421875,0.0460937500,0.0141796875,54.9520400000
0.6140625000,0.1107421875,0.0660937500,0.0191796875,28.3909060000
0.3640625000,0.1419921875,0.0610937500,0.0129296875,61.7090480000
0.5640625000,0.1169921875,0.0410937500,0.0179296875,36.8703840000
0.4640625000,0.1044921875,0.0510937500,0.0154296875,38.9409840000
0.6640625000,0.1294921875,0.0310937500,0.0104296875,72.3159120000
0.3390625000,0.1263671875,0.0535937500,0.0198046875,39.0991440000
0.5390625000,0.1013671875,0.0335937500,0.0148046875,44.5939160000
0.4390625000,0.1138671875,0.0635937500,0.0123046875,48.7627440000
0.6390625000,0.1388671875,0.0435937500,0.0173046875,40.4837080000
0.3890625000,0.1076171875,0.0485937500,0.0110546875,59.0135360000
0.5890625000,0.1326171875,0.0685937500,0.0160546875,37.0917040000
0.4890625000,0.1451171875,0.0385937500,0.0185546875,43.9137880000
0.6890625000,0.1201171875,0.0585937500,0.0135546875,42.7446840000
0.3078125000,0.1099609375,0.0592187500,0.0124609375,55.6718960000
0.5078125000,0.1349609375,0.0392187500,0.0174609375,43.3471680000
0.4078125000,0.1474609375,0.0692187500,0.0199609375,36.8679160000
0.6078125000,0.1224609375,0.0492187500,0.0149609375,42.1019600000
0.3578125000,0.1287109375,0.0442187500,0.0187109375,43.3277560000
0.5578125000,0.1037109375,0.0642187500,0.0137109375,39.4137440000
0.4578125000,0.1162109375,0.0342187500,0.0112109375,65.6156240000
0.6578125000,0.1412109375,0.0542187500,0.0162109375,40.1352280000
0.3328125000,0.1380859375,0.0317187500,0.0143359375,73.2089280000
0.5328125000,0.1130859375,0.0517187500,0.0193359375,31.5293920000
0.4328125000,0.1005859375,0.0417187500,0.0168359375,37.8513000000
0.6328125000,0.1255859375,0.0617187500,0.0118359375,49.8024480000
0.3828125000,0.1193359375,0.0667187500,0.0155859375,41.1418080000
0.5828125000,0.1443359375,0.0467187500,0.0105859375,67.5154720000
0.4828125000,0.1318359375,0.0567187500,0.0130859375,50.7405400000
0.6828125000,0.1068359375,0.0367187500,0.0180859375,35.4193080000
0.3203125000,0.1365234375,0.0629687500,0.0102734375,81.4519200000
0.5203125000,0.1115234375,0.0429687500,0.0152734375,42.2602240000
0.4203125000,0.1240234375,0.0529687500,0.0177734375,38.5071800000
0.6203125000,0.1490234375,0.0329687500,0.0127734375,63.8600320000
0.3703125000,0.1052734375,0.0379687500,0.0190234375,37.0806280000
0.5703125000,0.1302734375,0.0579687500,0.0140234375,44.7483440000
0.4703125000,0.1427734375,0.0479687500,0.0115234375,65.5268960000
0.6703125000,0.1177734375,0.0679687500,0.0165234375,33.2330360000
0.3453125000,0.1146484375,0.0454687500,0.0133984375,54.7347640000
0.5453125000,0.1396484375,0.0654687500,0.0183984375,34.5284200000
0.4453125000,0.1271484375,0.0354687500,0.0158984375,49.2589320000
0.6453125000,0.1021484375,0.0554687500,0.0108984375,50.3206400000
0.3953125000,0.1458984375,0.0504687500,0.0171484375,48.2383160000
0.5953125000,0.1208984375,0.0304687500,0.0121484375,61.2005720000
0.4953125000,0.1083984375,0.0604687500,0.0146484375,39.1592720000
0.6953125000,0.1333984375,0.0404687500,0.0196484375,35.1742160000
0.3046875000,0.1166015625,0.0614062500,0.0194140625,37.6819720000
0.5046875000,0.1416015625,0.0414062500,0.0144140625,53.3630280000
0.4046875000,0.1291015625,0.0514062500,0.0119140625,60.6102040000
0.6046875000,0.1041015625,0.0314062500,0.0169140625,39.9666840000
0.3546875000,0.1478515625,0.0364062500,0.0106640625,96.5872880000
0.5546875000,0.1228515625,0.0564062500,0.0156640625,39.2909080000
0.4546875000,0.1103515625,0.0464062500,0.0181640625,35.4295640000
0.6546875000,0.1353515625,0.0664062500,0.0131640625,45.2210960000
0.3296875000,0.1322265625,0.0489062500,0.0162890625,52.4897320000
0.5296875000,0.1072265625,0.0689062500,0.0112890625,48.0640560000
0.4296875000,0.1197265625,0.0389062500,0.0137890625,53.2933480000
0.6296875000,0.1447265625,0.0589062500,0.0187890625,34.5316880000
0.3796875000,0.1009765625,0.0539062500,0.0125390625,48.6248600000
0.5796875000,0.1259765625,0.0339062500,0.0175390625,41.8994080000
0.4796875000,0.1384765625,0.0639062500,0.0150390625,44.0386280000
0.6796875000,0.1134765625,0.0439062500,0.0100390625,61.8575040000
0.3171875000,0.1431640625,0.0551562500,0.0178515625,52.7707640000
0.5171875000,0.1181640625,0.0351562500,0.0128515625,55.7087800000
0.4171875000,0.1056640625,0.0651562500,0.0103515625,55.7450200000
0.6171875000,0.1306640625,0.0451562500,0.0153515625,43.7582000000
0.3671875000,0.1244140625,0.0401562500,0.0116015625,69.1686800000
0.5671875000,0.1494140625,0.0601562500,0.0166015625,40.7084240000
0.4671875000,0.1369140625,0.0301562500,0.0191015625,45.2286200000
0.6671875000,0.1119140625,0.0501562500,0.0141015625,41.9176120000
0.3421875000,0.1087890625,0.0326562500,0.0159765625,49.5743840000
0.5421875000,0.1337890625,0.0526562500,0.0109765625,60.6865520000
0.4421875000,0.1462890625,0.0426562500,0.0134765625,61.3719440000
0.6421875000,0.1212890625,0.0626562500,0.0184765625,31.1266940000
0.3921875000,0.1275390625,0.0676562500,0.0147265625,45.2240000000
0.5921875000,0.1025390625,0.0476562500,0.0197265625,29.4819920000
0.4921875000,0.1150390625,0.0576562500,0.0172265625,35.0616000000
0.6921875000,0.1400390625,0.0376562500,0.0122265625,59.8155640000
0.3109375000,0.1298828125,0.0395312500,0.0136328125,69.7134960000
0.5109375000,0.1048828125,0.0595312500,0.0186328125,30.2136280000
0.4109375000,0.1173828125,0.0495312500,0.0161328125,42.0186400000
0.6109375000,0.1423828125,0.0695312500,0.0111328125,55.0290120000
0.3609375000,0.1111328125,0.0645312500,0.0173828125,36.1083720000
0.5609375000,0.1361328125,0.0445312500,0.0123828125,57.0953720000
0.4609375000,0.1486328125,0.0545312500,0.0148828125,50.5850240000
0.6609375000,0.1236328125,0.0345312500,0.0198828125,35.5213000000
0.3359375000,0.1205078125,0.0520312500,0.0105078125,71.3066720000
0.5359375000,0.1455078125,0.0320312500,0.0155078125,54.4487720000
0.4359375000,0.1330078125,0.0620312500,0.0180078125,37.5505920000
0.6359375000,0.1080078125,0.0420312500,0.0130078125,47.4220920000
0.3859375000,0.1392578125,0.0470312500,0.0192578125,42.6420520000
0.5859375000,0.1142578125,0.0670312500,0.0142578125,38.8803400000
0.4859375000,0.1017578125,0.0370312500,0.0117578125,55.5147360000
0.6859375000,0.1267578125,0.0570312500,0.0167578125,35.8383280000
0.3234375000,0.1033203125,0.0432812500,0.0139453125,50.7903200000
0.5234375000,0.1283203125,0.0632812500,0.0189453125,32.5459080000
0.4234375000,0.1408203125,0.0332812500,0.0164453125,54.3836080000
0.6234375000,0.1158203125,0.0532812500,0.0114453125,51.8514800000
0.3734375000,0.1345703125,0.0582812500,0.0151953125,49.5205120000
0.5734375000,0.1095703125,0.0382812500,0.0101953125,63.6547840000
0.4734375000,0.1220703125,0.0682812500,0.0126953125,47.2165280000
0.6734375000,0.1470703125,0.0482812500,0.0176953125,39.0643480000
0.3484375000,0.1439453125,0.0657812500,0.0120703125,67.7332560000
0.5484375000,0.1189453125,0.0457812500,0.0170703125,38.0069000000
0.4484375000,0.1064453125,0.0557812500,0.0195703125,30.4628960000
0.6484375000,0.1314453125,0.0357812500,0.0145703125,49.7428400000
0.3984375000,0.1126953125,0.0307812500,0.0183203125,42.6777360000
0.5984375000,0.1376953125,0.0507812500,0.0133203125,50.1488040000
0.4984375000,0.1251953125,0.0407812500,0.0108203125,65.6947560000
0.6984375000,0.1001953125,0.0607812500,0.0158203125,33.3326360000
