W1,W2,R,t,mass_kg,stress_mpa
0.6986722894605006,0.10000799626016374,0.06999716437477436,0.019999204642372773,103.50153563049689,25.45424896108808
0.30003786351720857,0.14997133106795185,0.06501738116663901,0.010000201749081785,7.391506810012724,97.86285002553299
0.30000301448744154,0.14654849715986537,0.06975970318916745,0.010000201749081785,7.513677946330814,92.35078657688189
0.30000107842727636,0.12376340162223834,0.06999595995560763,0.010003759701638533,8.182422261165945,74.756304398779
0.36479005158083927,0.10002281789204628,0.06977017231310002,0.019998612119604492,26.806304234344015,28.735104462551842
0.5249075683438577,0.10000606154643613,0.0699870681918968,0.01999522739957017,57.567086634917835,26.1306795417271
0.3000374856040689,0.14378574911154424,0.06954267714438532,0.010000294234898855,7.601912216485575,90.14830407189739
0.5187753168864053,0.10001751285475131,0.0699923523659888,0.019998717416825202,56.19433556132772,26.176446983149518
0.574715796337114,0.10000615403267006,0.06997598844686731,0.01999900041780834,69.40766507393994,25.797605022346705
0.3004962374366383,0.12188099823331529,0.06996651779054168,0.010027055887936944,8.283655552855011,73.23957813358453
0.672376565555777,0.10000799626016374,0.06999716437477436,0.019999204642372773,95.71445733371694,25.490813630641608
0.3840408458480558,0.1003387040981932,0.0699870681918968,0.01975656658114505,29.545615456216886,28.61412784883119
0.30008332572176194,0.14253411960256954,0.0698395992101855,0.010159395097310597,7.7661691030634845,87.75096657539646
0.6459491268390793,0.10000792090880581,0.06999758542985443,0.01999921643978458,88.18938078220295,25.54377321466181
0.5007987098181365,0.10001591523533017,0.06995736418318763,0.019998635076152158,52.23526440155501,26.341585114161912
0.4061057674272124,0.10000717123744482,0.06998584479637306,0.01999974684096433,33.68943565582688,27.76460400684101
0.6913857833017316,0.10003557253636654,0.06999863967706735,0.01999858487516585,101.30950905378211,25.46553834444899
0.6674912405590613,0.10000670380468919,0.06999995945336375,0.019999080245717546,94.30013200389068,25.499346559578925
0.30055589141447014,0.10000541747182444,0.06996366012601843,0.018325775091275708,16.10723389621188,33.83360315676727
0.3000018080826922,0.10000008965140873,0.06996186198518711,0.012719194585929726,11.133821774519692,48.17739783570673
0.658187070988685,0.1000100954763997,0.06999995604262432,0.019999066464390595,91.6358282969019,25.5177042594125
0.30008543068444293,0.10055540913295223,0.0671700274565377,0.0100013829864489,8.739285280658589,61.468434423095275
0.300003862683393,0.1493313046461269,0.06997034156021958,0.010000294234898855,7.425557296978609,94.6128647923147
0.30007150529354176,0.1034108991069255,0.06999842671743704,0.019534235040446227,16.962092701281698,32.7590243162791
0.31865524032924664,0.10001600481524768,0.06999895471025176,0.01999920455153407,19.99853194826557,30.27041377989142
0.4564572298721805,0.1003104769875483,0.06999611075865476,0.01999858487516585,43.054921081496786,26.923993419573293
0.3876058315572738,0.1000374986736349,0.06999949927576864,0.019999158648837008,30.515695935100442,28.15916688240642
0.30056026225491994,0.10000541747182444,0.06996307651408716,0.017784605603860096,15.632080347232145,34.806320234067954
0.30697077371917575,0.10000114875566751,0.06996186198518711,0.012719194585929726,11.714852387802894,47.616963643795394
0.30069018555325244,0.10092832039473083,0.06999996692518515,0.011506882685803441,10.100969299410918,53.346080631798976
0.48635994621976975,0.10000624029332264,0.06996911545585138,0.01999711233679907,49.153502063092496,26.49430093483454
0.6540314199541898,0.10002996225007944,0.06999613606337766,0.019999215285975702,90.45779886181785,25.528360188009135
0.5505764238818601,0.10000656216481411,0.0699855868182651,0.019995445430515298,63.52931691711953,25.94630160280254
0.632727468997295,0.10001486281834658,0.06999948656562328,0.019999196339794873,84.53740683157424,25.576161812665394
0.3000374856040689,0.14975592274760413,0.06503055505661917,0.010000294234898855,7.39856347543674,97.66128125390318
0.47139282336402877,0.10001702722024244,0.06999355725515205,0.019998723374678257,46.06103470135054,26.675323124747766
0.30000301448744154,0.14997097550223545,0.06975970318916745,0.010000201749081785,7.404073936010661,95.27698300855462
0.30122678716320705,0.11231009719945333,0.06992126615464801,0.010018370672601674,8.5664142759043,67.04898151293682
0.5390315083613396,0.10000255704726914,0.06990448075057733,0.019995246530373913,60.81182074330418,26.03292931674449
0.6171166114966382,0.1000375298701065,0.06999950726880527,0.019999158648837008,80.32203972939304,25.62230799179423
0.3002341698932555,0.1271371633553133,0.0697798098425152,0.010001721545647352,8.103732235702934,77.19200501430122
0.5672391189647987,0.10000656216481411,0.06999158253412864,0.019999730816029525,67.56609417509806,25.836962245004838
0.3000007156897868,0.1359833343226624,0.06999334127872013,0.010033873302887852,7.863058464459373,83.48765040359248
0.30822858711977946,0.10000522216263348,0.06999509708638985,0.010770206578824784,10.009790865211153,55.65664038884928
0.5053158960121094,0.10001107154214188,0.06999728384862319,0.019995377824105418,53.2086762335493,26.29783429400971
0.4801496035552069,0.1000176404889082,0.06991249685777529,0.0199964763110114,47.8547988160443,26.57542648231872
0.30001196903040844,0.11514773059903283,0.06991351057633069,0.010014825911284594,8.414547314467512,68.99395615038874
0.682923572146639,0.10001709481175015,0.06983173378608827,0.01999858487516585,98.79738910210088,25.489804444094425
0.30000191148510036,0.10000679932946606,0.06995491009782069,0.010615148242237592,9.291861767321182,57.16456696260277
0.6117915440129564,0.10000401366995162,0.0699945414288961,0.019998495379524358,78.90738999550148,25.637110128272987
0.32912462506101087,0.10031218336802529,0.06998743505689742,0.01994985907042563,21.397538292550156,29.973311345927627
0.6006345942127715,0.10001591523533017,0.06994553383708829,0.019998720693364863,75.98580670410229,25.682388141062297
0.3000374856040689,0.11629400890480136,0.06990078602362625,0.010000294234898855,8.375297211919507,69.8150652091551
0.30303701211266687,0.10000009146022129,0.0697701326422152,0.014053120539750686,12.578407415290917,43.57549846631306
0.3132757870779667,0.10002734574235429,0.06999863967706735,0.01969875169158099,18.974384774598814,30.955162186430705
0.4218677692537143,0.10000019919735044,0.06975545033832017,0.019921450935921323,36.364201488844316,27.587136760597183
0.30008690162373225,0.13329584578968345,0.06997865858089174,0.0100629509947373,7.970068091774171,81.22549689256275
0.30008332572176194,0.13846371814676695,0.06999983094933682,0.010001756339875798,7.769733655455925,85.63135882524554
0.30002474117060957,0.130261825569499,0.06990526131115132,0.010049740623178446,8.042107880456664,79.11217039361479
0.3002112550702513,0.10870838295807195,0.06999389600330645,0.010007600399292802,8.57746454682876,65.08043367052666
0.3004996351476459,0.10004414656151928,0.06998898888464307,0.017251552881253785,15.15545661465389,35.842968046592986
0.30023659448337925,0.10082023549523002,0.06999840820711897,0.013442834410813786,11.763971924503721,45.989407633787636
0.4218677692537143,0.10000253750432926,0.06990731016750204,0.019995215898335156,36.49973241661279,27.4754457580665
0.5390315083613396,0.10000255704726914,0.0699176575878234,0.019995246530373913,60.8119061262382,26.03164862977061
0.30008332572176194,0.13856918131014842,0.06999983094933682,0.010001756339875798,7.766577690537311,85.71420466839888
0.3001227788647825,0.11880057396767801,0.06985839435102147,0.010001889228847729,8.318370961325202,71.43796155661767
0.30002140532252863,0.1355494886142588,0.0699991773319922,0.0100629509947373,7.9000163226838795,82.93592941082824
0.30256267346885934,0.10074290063513239,0.06975287880965748,0.01635936237356648,14.56544557836095,37.84294645179548
0.30001127467237104,0.11282475215129348,0.06991429857572061,0.010014825911284594,8.471783722353628,67.54671537585827
0.30138393654435003,0.10000541747182444,0.06998579045390069,0.012221835451931284,10.80812365482116,49.924345319973085
0.5850841487226104,0.10000650492516992,0.0699767926442801,0.019998495206824222,72.00315267579738,25.7456677863115
0.30008810889556503,0.130261825569499,0.06997788163837845,0.010049740623178446,8.04647192120446,79.07042105172992
0.43424083489184334,0.10000650378396161,0.06991111708113974,0.019998721849956467,38.79385996983985,27.250393852817716
0.6387126161332704,0.1000100954763997,0.06999985427855358,0.019999066464390595,86.18069676404825,25.560910797250987
0.3002111996671427,0.1271371633553133,0.0697798098425152,0.010000976364328834,8.101638743702827,77.20126717939938
0.682923572146639,0.10001709481175015,0.06999863967706735,0.01999858487516585,98.79847085891232,25.475328351352047
0.5531193862893874,0.10000232885337354,0.06999579626956828,0.019999009664950825,64.14709816906762,25.923633002072293
0.3000023235883837,0.10000522216263348,0.06999328818857692,0.015663297385238632,13.710997813361665,39.38178032880726
0.30000103048481674,0.10538754729037347,0.06999969483702474,0.010003759701638533,8.63737345814693,63.238907166693146
0.3001884737543945,0.10082023549523002,0.06999799988393875,0.013569488042827012,11.870571843143335,45.58019987109024
0.3000181698110392,0.10870838295807195,0.06999389600330645,0.01004533980487187,8.59723734416297,64.88219780837518
0.352973463616679,0.10003643394772198,0.06998683400345015,0.01999832872031524,24.974885201575646,29.04479997984253
0.30000107842727636,0.10538754729037347,0.06999996946141754,0.01003920317429843,8.667979817028211,63.0360965022695
0.3353866945901979,0.10030921434623886,0.06998764623412874,0.019948795677087048,22.293048925055817,29.739527095905668
0.30006932611137577,0.1003387040981932,0.0699870681918968,0.013891168043522096,12.155730233742846,44.38647051402063
0.3019205599508051,0.10000606154643613,0.0699650859819347,0.010016038783063341,8.892413257053043,60.1194722283009
0.44519337033946527,0.10000526508304293,0.0699987940195282,0.01999900041780834,40.875437870723204,27.057893626273536
0.3000929323979101,0.10074567875868562,0.06975287880965748,0.016346523500305236,14.291149383488666,38.043915065155915
0.5917048881565911,0.10001199981950933,0.06996667755642964,0.019998720693364863,73.68645601230186,25.716708672877697
0.6006345942127715,0.10002170621129061,0.06991551592922801,0.019998714584454406,75.9853386948042,25.685778500457413
0.30002353374633073,0.13329584578968345,0.06990603921965845,0.0100629509947373,7.965698321705328,81.26910673295947
0.44178484367037824,0.10000650378396161,0.06991062862518843,0.019967335827647228,40.15813129162697,27.16350834586468
0.6242972645603773,0.10000381874352433,0.06998750341043088,0.019999400649420417,82.24979172409797,25.598511276098694
0.39816480142452304,0.10000255704726914,0.06990448075057733,0.019998467540427944,32.30753413806925,27.9368944416875
0.3000316358244549,0.10000675615058016,0.06999589131129175,0.010324166458171692,9.039280717503518,58.640938162831624
0.3000320277368204,0.10117819255964933,0.06990633035067889,0.015620903494220387,13.636642900434893,39.89610947178584
0.30056026225491994,0.10000541747182444,0.06999695894795716,0.011893788939978306,10.454377980758276,51.30257941865744
0.34207152199733226,0.10001125324611472,0.06999609618293583,0.01994310763886191,23.27501772286389,29.456489062357537
0.3541968413641282,0.10003643394772198,0.06998683400345015,0.019999208197809263,25.162845603237162,29.00766191126524
0.30024475240519116,0.1000990786487508,0.06973633430415134,0.015095302333238513,13.233204154377258,40.88650847773584
